id,name,email,birthday
1,Alison Norton,alison.norton@example.com,1997-04-20
2,Sharon Anthony,sharon.anthony@example.com,1984-07-12
3,Sarah Whitaker,sarah.whitaker@example.com,1977-12-31
4,Kenneth Wood,kenneth.wood@example.com,1990-11-24
5,Scott Middleton,scott.middleton@example.com,1996-01-08
6,Connie Mccormick,connie.mccormick@example.com,1983-12-10
7,Ronald Edwards,ronald.edwards@example.com,1965-11-06
8,Nicole Webster,nicole.webster@example.com,1998-03-25
9,Paul Mack,paul.mack@example.com,1990-07-27
10,Christie Nunez,christie.nunez@example.com,1982-11-14
11,Patrick Martinez,patrick.martinez@example.com,2003-05-13
12,Kevin Smith,kevin.smith@example.com,1978-01-18
13,Kim Farrell,kim.farrell@example.com,1995-12-04
14,Mrs. Maria Edwards,mrs.maria.edwards@example.com,2005-10-12
15,Nathaniel Williams,nathaniel.williams@example.com,1961-03-08
16,Joseph Mckenzie,joseph.mckenzie@example.com,1965-02-09
17,Savannah Love,savannah.love@example.com,1981-04-01
18,Garrett Suarez,garrett.suarez@example.com,1965-10-04
19,Miguel Clark,miguel.clark@example.com,1982-07-07
20,Greg Terry,greg.terry@example.com,1966-06-20
21,Kathleen Gray,kathleen.gray@example.com,1986-01-21
22,Thomas Miller,thomas.miller@example.com,1978-01-11
23,Katrina Greene,katrina.greene@example.com,1988-07-18
24,Christine Allen,christine.allen@example.com,1970-07-06
25,Michele Sims,michele.sims@example.com,1972-08-14
26,Vanessa Bray,vanessa.bray@example.com,1993-05-02
27,Jessica Richardson,jessica.richardson@example.com,1991-03-28
28,Joanna Sanchez,joanna.sanchez@example.com,2000-03-15
29,Shannon Hoover,shannon.hoover@example.com,1991-03-03
30,John Lopez,john.lopez@example.com,1988-08-01
31,Shawn Garcia,shawn.garcia@example.com,1981-03-22
32,James Shelton,james.shelton@example.com,1961-08-23
33,Cesar Romero,cesar.romero@example.com,1993-09-09
34,John Bryant,john.bryant@example.com,1961-07-19
35,Kimberly Fisher,kimberly.fisher@example.com,1982-12-26
36,Jamie Smith,jamie.smith@example.com,1981-07-07
37,Elizabeth Boyd,elizabeth.boyd@example.com,1988-11-26
38,David Jones,david.jones@example.com,2000-10-24
39,Jennifer Johnson,jennifer.johnson@example.com,1997-01-02
40,Zachary Murray,zachary.murray@example.com,2000-12-11
41,Madison Harris,madison.harris@example.com,2007-04-05
42,Sabrina Ellison,sabrina.ellison@example.com,1968-08-04
43,Derek Hester,derek.hester@example.com,1976-06-06
44,Amanda Caldwell,amanda.caldwell@example.com,1980-11-01
45,Brandy Baird,brandy.baird@example.com,1997-11-04
46,Charles Barnes,charles.barnes@example.com,1980-08-26
47,Timothy Hicks,timothy.hicks@example.com,1994-12-07
48,Mark Rhodes,mark.rhodes@example.com,1996-03-10
49,Joseph Riley,joseph.riley@example.com,1999-09-27
50,Rebecca House,rebecca.house@example.com,1991-01-07
51,Laura Williams,laura.williams@example.com,2001-08-28
52,David Avila DVM,david.avila.dvm@example.com,1964-03-25
53,Lori Holt,lori.holt@example.com,1975-03-25
54,Christopher Wagner,christopher.wagner@example.com,1989-10-07
55,Diana Austin,diana.austin@example.com,1992-02-17
56,Derrick Flores,derrick.flores@example.com,1996-04-09
57,Ashley Mann,ashley.mann@example.com,1980-07-17
58,Pamela Medina,pamela.medina@example.com,2002-11-13
59,Brandy Henry,brandy.henry@example.com,1976-08-01
60,Stephen Smith,stephen.smith@example.com,1990-04-28
61,Renee Moyer,renee.moyer@example.com,1984-08-12
62,Dr. Nina Combs,dr.nina.combs@example.com,1989-01-30
63,Patricia Cannon,patricia.cannon@example.com,1991-11-06
64,Eric Clark,eric.clark@example.com,1994-11-26
65,Kelly Brown,kelly.brown@example.com,1984-03-21
66,Joshua Ramos DDS,joshua.ramos.dds@example.com,1993-07-19
67,Courtney Young,courtney.young@example.com,1972-11-14
68,Philip Cole,philip.cole@example.com,1961-07-27
69,Anna Love,anna.love@example.com,1977-01-26
70,Lisa Rodriguez,lisa.rodriguez@example.com,1983-11-11
71,Cheryl Petersen,cheryl.petersen@example.com,1969-06-20
72,Tracy Lopez,tracy.lopez@example.com,2006-01-27
73,Casey Baker,casey.baker@example.com,1974-05-15
74,Andrew Green,andrew.green@example.com,1974-03-27
75,Carolyn Kane,carolyn.kane@example.com,1982-08-17
76,Lisa Ramsey,lisa.ramsey@example.com,1961-11-22
77,Joel Smith,joel.smith@example.com,2003-07-28
78,Andrea Brown,andrea.brown@example.com,1964-05-04
79,Melissa Combs,melissa.combs@example.com,1966-09-27
80,Karl Moore,karl.moore@example.com,1970-04-24
81,Richard Larsen,richard.larsen@example.com,1990-07-15
82,Amy Webb,amy.webb@example.com,1974-11-30
83,Annette Walters,annette.walters@example.com,1961-10-14
84,Paul Stephens,paul.stephens@example.com,1978-08-27
85,Kevin Moss,kevin.moss@example.com,2006-12-20
86,Patrick Bird,patrick.bird@example.com,1964-11-20
87,Laura Harris,laura.harris@example.com,1989-07-23
88,Blake Crawford,blake.crawford@example.com,1978-04-25
89,Charles Roberts,charles.roberts@example.com,2004-04-10
90,Steve Brewer,steve.brewer@example.com,1985-01-17
91,Jason Rodriguez,jason.rodriguez@example.com,1963-01-03
92,Amber Lee,amber.lee@example.com,1961-03-23
93,Jeffrey Watts,jeffrey.watts@example.com,1990-02-02
94,John Hernandez,john.hernandez@example.com,2001-08-02
95,Michael Jackson,michael.jackson@example.com,1981-01-15
96,Brittany Johnson,brittany.johnson@example.com,1980-11-07
97,Peggy Young,peggy.young@example.com,1961-12-27
98,Jennifer Taylor,jennifer.taylor@example.com,2001-10-13
99,Christina Mullen,christina.mullen@example.com,1970-07-26
100,Alexandra Marshall,alexandra.marshall@example.com,2006-02-25
101,Amanda Davis,amanda.davis@example.com,1998-01-11
102,Gavin Yates,gavin.yates@example.com,1989-07-19
103,Allison Murray,allison.murray@example.com,1976-07-26
104,Ann Goodwin,ann.goodwin@example.com,1984-01-08
105,Jerry Martin,jerry.martin@example.com,1972-01-26
106,Joshua James,joshua.james@example.com,2006-04-15
107,Jordan Wilkerson,jordan.wilkerson@example.com,1987-01-01
108,Kathleen Lopez,kathleen.lopez@example.com,1973-07-05
109,Rodney Stewart,rodney.stewart@example.com,2003-05-06
110,Patricia Paul,patricia.paul@example.com,2006-12-05
111,Yvonne Rodriguez,yvonne.rodriguez@example.com,1998-10-03
112,Robert Brandt,robert.brandt@example.com,1979-09-28
113,Aaron Scott,aaron.scott@example.com,2000-07-10
114,Anthony Good,anthony.good@example.com,2005-03-16
115,Olivia Carter,olivia.carter@example.com,1998-07-08
116,Stephanie White,stephanie.white@example.com,1962-08-12
117,Matthew Smith,matthew.smith@example.com,1969-11-19
118,Daniel Matthews,daniel.matthews@example.com,1965-11-21
119,Brenda Oconnor,brenda.oconnor@example.com,1974-10-01
120,Monica Aguilar,monica.aguilar@example.com,1969-12-02
121,Rodney Salinas,rodney.salinas@example.com,1983-05-11
122,Christopher Jensen,christopher.jensen@example.com,1991-03-13
123,Clayton May,clayton.may@example.com,2001-02-12
124,Brandon Leblanc,brandon.leblanc@example.com,1976-06-20
125,Blake Owens,blake.owens@example.com,2004-10-12
126,Michelle Johnson,michelle.johnson@example.com,1976-12-29
127,Brandi Gould,brandi.gould@example.com,1993-05-01
128,Heather Fernandez,heather.fernandez@example.com,1967-02-11
129,Andrew Rodriguez,andrew.rodriguez@example.com,2003-02-08
130,Ashley Friedman,ashley.friedman@example.com,1991-07-22
131,Tammy Davis,tammy.davis@example.com,1991-03-24
132,Kimberly Sullivan,kimberly.sullivan@example.com,1970-08-20
133,Donna Obrien,donna.obrien@example.com,1983-11-10
134,Jennifer Mendoza,jennifer.mendoza@example.com,2005-08-03
135,Shawn Hooper,shawn.hooper@example.com,1996-07-30
136,Beth Ford,beth.ford@example.com,1969-06-05
137,Dr. Kathryn Adams DDS,dr.kathryn.adams.dds@example.com,1961-03-27
138,Paul Gonzales,paul.gonzales@example.com,1986-07-17
139,Vanessa Davila,vanessa.davila@example.com,1963-09-07
140,Andrew Carter,andrew.carter@example.com,1986-04-08
141,Bianca Kim,bianca.kim@example.com,2003-09-02
142,Jamie Mclaughlin,jamie.mclaughlin@example.com,1991-03-13
143,Taylor Mack,taylor.mack@example.com,1990-04-07
144,Christina Franklin,christina.franklin@example.com,2007-03-25
145,Bethany Gonzalez,bethany.gonzalez@example.com,1970-04-23
146,David Fernandez,david.fernandez@example.com,1967-10-29
147,Debra Blackburn,debra.blackburn@example.com,1963-10-08
148,Christopher Walker,christopher.walker@example.com,2000-06-10
149,Jennifer Hill,jennifer.hill@example.com,1994-10-09
150,Miguel Smith,miguel.smith@example.com,1962-09-26
151,Christopher Paul,christopher.paul@example.com,1976-01-29
152,Todd Hernandez Jr.,todd.hernandez.jr@example.com,1994-11-21
153,April Clark,april.clark@example.com,1985-03-24
154,Antonio Smith,antonio.smith@example.com,1987-05-31
155,Danielle Carter,danielle.carter@example.com,1997-09-07
156,Jennifer Allen,jennifer.allen@example.com,1960-07-29
157,Aaron Black,aaron.black@example.com,1981-10-26
158,Paula Kidd,paula.kidd@example.com,1969-05-17
159,Bryan Yates,bryan.yates@example.com,1973-06-03
160,Troy Jefferson,troy.jefferson@example.com,1977-11-14
161,Paul Burton,paul.burton@example.com,1982-01-11
162,Brenda Simpson,brenda.simpson@example.com,1971-08-24
163,Natalie Perkins,natalie.perkins@example.com,1967-11-27
164,Patricia Acosta,patricia.acosta@example.com,1965-04-18
165,Lisa Price,lisa.price@example.com,1995-02-02
166,Morgan Evans,morgan.evans@example.com,1986-11-23
167,Tiffany Bender DVM,tiffany.bender.dvm@example.com,1985-07-28
168,Karen Scott,karen.scott@example.com,1990-08-22
169,Anthony Morse,anthony.morse@example.com,2003-08-30
170,Valerie Robertson,valerie.robertson@example.com,1982-10-21
171,Danielle Wilson,danielle.wilson@example.com,1994-12-24
172,Ruben Benton,ruben.benton@example.com,2003-09-30
173,Brendan Khan,brendan.khan@example.com,1988-09-10
174,Matthew Peters,matthew.peters@example.com,1979-10-23
175,David Mason,david.mason@example.com,1980-08-21
176,Tonya Parker,tonya.parker@example.com,1975-08-02
177,Chelsea Green,chelsea.green@example.com,2004-12-10
178,Alexandria Cox,alexandria.cox@example.com,2002-07-05
179,David Gutierrez,david.gutierrez@example.com,1963-02-12
180,Frank Harding,frank.harding@example.com,1991-04-26
181,Danielle Perkins,danielle.perkins@example.com,1978-11-03
182,Sharon Reynolds,sharon.reynolds@example.com,1985-11-29
183,Anthony Brown,anthony.brown@example.com,1990-05-30
184,Stanley Le,stanley.le@example.com,2004-09-05
185,Michelle Ryan,michelle.ryan@example.com,2002-03-16
186,Jonathon Knapp,jonathon.knapp@example.com,1964-03-03
187,Kayla Carlson,kayla.carlson@example.com,1997-03-27
188,Tracy Hernandez,tracy.hernandez@example.com,1973-10-26
189,Brenda Schmidt,brenda.schmidt@example.com,1972-07-20
190,Andrea Baker,andrea.baker@example.com,1982-06-10
191,Chad Perez,chad.perez@example.com,1992-12-23
192,Mandy Lee,mandy.lee@example.com,1962-03-27
193,Trevor Walker,trevor.walker@example.com,1987-10-13
194,Alicia Phillips MD,alicia.phillips.md@example.com,1998-08-27
195,Raymond Clements,raymond.clements@example.com,1969-03-09
196,Evelyn Dunn,evelyn.dunn@example.com,1982-10-17
197,Teresa Fuller,teresa.fuller@example.com,1981-01-04
198,Vanessa Reed,vanessa.reed@example.com,1960-08-30
199,Max Mcclain,max.mcclain@example.com,2007-03-30
200,Andres Marshall,andres.marshall@example.com,1987-10-26
201,Anthony Simmons,anthony.simmons@example.com,1993-12-07
202,Bradley Hoffman,bradley.hoffman@example.com,1965-06-11
203,Judy Johnson,judy.johnson@example.com,1978-11-13
204,Nichole Thompson,nichole.thompson@example.com,1991-04-26
205,Mrs. Nancy Schaefer,mrs.nancy.schaefer@example.com,2007-04-12
206,Gregory Martinez,gregory.martinez@example.com,2006-01-14
207,Deborah Patel,deborah.patel@example.com,1996-06-01
208,Jonathan Jordan,jonathan.jordan@example.com,1960-10-19
209,Courtney Briggs,courtney.briggs@example.com,1966-09-13
210,Susan Molina,susan.molina@example.com,2005-08-03
211,Nicholas Arellano,nicholas.arellano@example.com,1989-11-16
212,Christopher Thomas,christopher.thomas@example.com,2005-12-12
213,William Christian,william.christian@example.com,1995-05-20
214,Roger Johnson,roger.johnson@example.com,1987-01-12
215,Faith Smith,faith.smith@example.com,1990-06-04
216,Dr. Mario Harris DDS,dr.mario.harris.dds@example.com,1977-11-17
217,Chase Young MD,chase.young.md@example.com,1998-09-29
218,John Ortiz,john.ortiz@example.com,1965-01-07
219,Todd Sherman,todd.sherman@example.com,2002-03-06
220,Beth Ellis,beth.ellis@example.com,1979-05-17
221,Jennifer Hatfield,jennifer.hatfield@example.com,1981-02-20
222,Sarah Padilla,sarah.padilla@example.com,1965-05-02
223,Gregory Hale,gregory.hale@example.com,1995-03-31
224,Christian Anderson,christian.anderson@example.com,2006-12-10
225,Dr. Lisa Ramos,dr.lisa.ramos@example.com,1979-04-16
226,Dr. Jessica Chase MD,dr.jessica.chase.md@example.com,2005-02-23
227,Kara Gallegos,kara.gallegos@example.com,1959-07-01
228,Laura Fowler,laura.fowler@example.com,2007-04-20
229,Andrew Proctor,andrew.proctor@example.com,1995-04-06
230,Jordan Mason,jordan.mason@example.com,2003-05-11
231,Mr. Charles Young,mr.charles.young@example.com,1972-10-05
232,Robin Parker,robin.parker@example.com,1998-05-14
233,Jason Stevenson,jason.stevenson@example.com,2003-09-01
234,Christian Rodriguez,christian.rodriguez@example.com,1965-11-16
235,Richard Reynolds,richard.reynolds@example.com,2000-03-06
236,Oscar Kelly,oscar.kelly@example.com,1965-07-27
237,Kenneth Jackson,kenneth.jackson@example.com,1992-01-25
238,Mary Hill,mary.hill@example.com,2006-05-30
239,Robert Miranda,robert.miranda@example.com,1972-04-27
240,Michael Snyder,michael.snyder@example.com,1987-09-01
241,Joshua Schmidt,joshua.schmidt@example.com,1961-04-29
242,Aaron Barnett,aaron.barnett@example.com,2002-08-10
243,Darin Byrd,darin.byrd@example.com,1969-06-11
244,Kathryn Shields,kathryn.shields@example.com,1980-06-08
245,Misty Rice,misty.rice@example.com,1979-09-30
246,Robert Herrera,robert.herrera@example.com,1970-01-07
247,Jennifer Cline MD,jennifer.cline.md@example.com,1979-08-19
248,Rose Kaiser,rose.kaiser@example.com,1976-08-11
249,Christopher Humphrey,christopher.humphrey@example.com,1994-12-18
250,Matthew Ramirez,matthew.ramirez@example.com,1963-12-05
251,Charlotte Roy,charlotte.roy@example.com,2000-11-27
252,James Collins,james.collins@example.com,1988-11-28
253,Kelsey Smith,kelsey.smith@example.com,1975-02-20
254,Kathleen Garcia,kathleen.garcia@example.com,1989-12-08
255,Shelia Cruz,shelia.cruz@example.com,1972-09-04
256,Mrs. Amy Hale,mrs.amy.hale@example.com,1978-10-19
257,Jeremy Clayton,jeremy.clayton@example.com,1972-08-04
258,Susan Williams,susan.williams@example.com,1960-09-18
259,Donald Mays,donald.mays@example.com,1967-04-22
260,Thomas Wells,thomas.wells@example.com,1971-03-14
261,Brian Vaughn,brian.vaughn@example.com,2000-08-16
262,Leah Owens,leah.owens@example.com,1962-06-07
263,Jennifer Norman,jennifer.norman@example.com,1974-01-07
264,Mark Hughes,mark.hughes@example.com,1978-05-29
265,Paige Case,paige.case@example.com,1976-09-23
266,Lisa Potter,lisa.potter@example.com,2001-09-29
267,Jordan Garcia,jordan.garcia@example.com,1966-02-24
268,Sarah Fields,sarah.fields@example.com,1998-04-04
269,Erin Diaz,erin.diaz@example.com,1998-06-23
270,Bryan Harris,bryan.harris@example.com,1964-09-15
271,Danny Moreno,danny.moreno@example.com,1977-11-04
272,Alison Livingston,alison.livingston@example.com,1982-12-04
273,Megan Hood,megan.hood@example.com,1965-07-31
274,April Taylor,april.taylor@example.com,1969-11-24
275,Philip Espinoza,philip.espinoza@example.com,1986-09-02
276,Tony Rodriguez,tony.rodriguez@example.com,1996-12-22
277,Michael Rodriguez,michael.rodriguez@example.com,1976-07-18
278,Vanessa Moore,vanessa.moore@example.com,2002-11-05
279,Megan Koch,megan.koch@example.com,1977-09-24
280,Victoria King,victoria.king@example.com,1988-10-25
281,Bryan Gonzalez MD,bryan.gonzalez.md@example.com,1975-07-01
282,Jermaine Barnes,jermaine.barnes@example.com,1987-05-23
283,Stephanie Smith,stephanie.smith@example.com,1967-01-03
284,Kimberly Nunez,kimberly.nunez@example.com,1968-03-12
285,Holly Bell,holly.bell@example.com,1992-04-26
286,Kathryn Smith,kathryn.smith@example.com,1977-06-15
287,Maureen Carter,maureen.carter@example.com,2001-09-14
288,Brandy Walter,brandy.walter@example.com,1998-05-25
289,Carla Holloway,carla.holloway@example.com,1973-10-04
290,Andrew Holder,andrew.holder@example.com,1961-08-01
291,Pamela Arnold,pamela.arnold@example.com,1969-10-22
292,Debbie Estrada,debbie.estrada@example.com,2000-08-15
293,Robert Fleming,robert.fleming@example.com,1997-06-24
294,Jeffrey Vaughn,jeffrey.vaughn@example.com,1998-07-07
295,Samuel Rocha,samuel.rocha@example.com,1974-12-12
296,Paul Rich,paul.rich@example.com,2006-02-13
297,Frank Fitzgerald,frank.fitzgerald@example.com,1995-02-01
298,Stephanie Colon,stephanie.colon@example.com,1975-06-25
299,Aaron Pennington,aaron.pennington@example.com,1962-06-23
300,Jack Krause,jack.krause@example.com,1994-01-30
301,Mariah Wang,mariah.wang@example.com,1969-06-03
302,Brooke Allison,brooke.allison@example.com,2004-05-22
303,Melissa Harvey,melissa.harvey@example.com,2005-11-30
304,Laura Roberts,laura.roberts@example.com,1996-11-02
305,Kathy Robinson,kathy.robinson@example.com,2003-11-04
306,Thomas Rodgers,thomas.rodgers@example.com,1971-09-15
307,Rhonda Cervantes,rhonda.cervantes@example.com,1985-10-16
308,Darryl Hernandez,darryl.hernandez@example.com,1982-07-08
309,Benjamin Alvarez,benjamin.alvarez@example.com,1968-02-03
310,Robert Pierce,robert.pierce@example.com,2003-02-18
311,Earl Marquez,earl.marquez@example.com,1970-05-27
312,Michael Walls,michael.walls@example.com,1959-06-18
313,Crystal Pierce,crystal.pierce@example.com,1981-12-05
314,Gabriel Wilkins,gabriel.wilkins@example.com,1971-01-01
315,Desiree Jimenez,desiree.jimenez@example.com,1970-08-18
316,Wyatt Henry,wyatt.henry@example.com,1971-07-22
317,Lauren Coleman,lauren.coleman@example.com,1976-10-05
318,Erica Wright,erica.wright@example.com,1977-07-26
319,Patrick Rocha,patrick.rocha@example.com,1994-11-23
320,Joshua Jones,joshua.jones@example.com,1963-06-11
321,Johnathan Aguirre,johnathan.aguirre@example.com,1992-05-20
322,Kevin Hubbard,kevin.hubbard@example.com,1973-06-17
323,Mr. Jack Moore PhD,mr.jack.moore.phd@example.com,1999-03-29
324,Pamela Burnett,pamela.burnett@example.com,1966-07-27
325,Darren Reyes,darren.reyes@example.com,1963-11-17
326,Richard Graham,richard.graham@example.com,1971-12-09
327,Wanda Ingram,wanda.ingram@example.com,1996-12-11
328,Joel Thomas,joel.thomas@example.com,1981-05-29
329,Jeremy Johnson,jeremy.johnson@example.com,1984-03-30
330,Ronald Marshall,ronald.marshall@example.com,1987-09-23
331,Robert Fischer,robert.fischer@example.com,1974-08-19
332,Dr. Paul Olson,dr.paul.olson@example.com,1962-06-22
333,Cindy Tucker,cindy.tucker@example.com,2001-06-01
334,Darren Smith,darren.smith@example.com,1959-10-24
335,Jeremy Nicholson,jeremy.nicholson@example.com,1960-02-04
336,Kathy Nguyen,kathy.nguyen@example.com,1974-11-22
337,Christopher Williams,christopher.williams@example.com,1971-02-17
338,Evelyn Townsend,evelyn.townsend@example.com,1983-03-18
339,Joseph Zavala,joseph.zavala@example.com,1980-04-29
340,Charlene Black,charlene.black@example.com,1963-12-22
341,Angel Butler,angel.butler@example.com,1968-10-01
342,Adam Delgado,adam.delgado@example.com,1992-12-11
343,Daniel Mendoza,daniel.mendoza@example.com,1998-01-13
344,Ruben Clark,ruben.clark@example.com,1983-07-10
345,Nicholas Rasmussen,nicholas.rasmussen@example.com,1962-04-17
346,Jason Taylor,jason.taylor@example.com,1994-02-18
347,Claudia Rice,claudia.rice@example.com,1985-02-23
348,Sara Lawson,sara.lawson@example.com,2005-09-29
349,Michael Johnson,michael.johnson@example.com,1963-07-17
350,Thomas Mills,thomas.mills@example.com,1969-04-26
351,Michael Thompson,michael.thompson@example.com,1963-06-22
352,Penny Waters,penny.waters@example.com,1963-11-05
353,Gregory Johnson,gregory.johnson@example.com,1962-07-17
354,Sandra Ingram,sandra.ingram@example.com,1970-05-30
355,Kenneth Harmon,kenneth.harmon@example.com,1982-07-13
356,Erin Nash,erin.nash@example.com,1979-03-24
357,David Smith,david.smith@example.com,1989-09-23
358,Matthew Morris,matthew.morris@example.com,2004-10-18
359,Norman Porter,norman.porter@example.com,1960-02-19
360,Kathryn Morgan,kathryn.morgan@example.com,1997-10-01
361,Jeffrey Jones,jeffrey.jones@example.com,1963-02-24
362,Alyssa Guerra,alyssa.guerra@example.com,1981-04-26
363,Bridget White,bridget.white@example.com,1961-08-07
364,James Hood,james.hood@example.com,1991-08-26
365,Daniel Brown,daniel.brown@example.com,1989-09-15
366,Tony Thomas,tony.thomas@example.com,1974-10-15
367,Philip Huff,philip.huff@example.com,1973-11-18
368,Marilyn Henry,marilyn.henry@example.com,1975-04-19
369,Tracy Rodriguez,tracy.rodriguez@example.com,1981-03-23
370,Richard Moore,richard.moore@example.com,1961-12-18
371,Jacqueline Roberts,jacqueline.roberts@example.com,1990-04-04
372,Jennifer Tran,jennifer.tran@example.com,1990-09-15
373,Christopher Garcia,christopher.garcia@example.com,1959-07-15
374,Kenneth Clark,kenneth.clark@example.com,2000-11-18
375,Cassidy Johnson,cassidy.johnson@example.com,1998-11-17
376,Jason Woodward,jason.woodward@example.com,1990-12-09
377,Krista Davis,krista.davis@example.com,1971-02-26
378,Deborah Gregory,deborah.gregory@example.com,1998-03-28
379,Ronald Brown,ronald.brown@example.com,1962-11-20
380,Sheena Hayes,sheena.hayes@example.com,2004-08-23
381,Olivia Dorsey,olivia.dorsey@example.com,1968-01-10
382,Angela Bradshaw,angela.bradshaw@example.com,1995-02-03
383,Richard Beasley,richard.beasley@example.com,1960-01-05
384,Teresa Carter,teresa.carter@example.com,1961-01-07
385,Cody Conley,cody.conley@example.com,1968-04-15
386,Thomas Bennett,thomas.bennett@example.com,1962-01-10
387,Brian Stokes,brian.stokes@example.com,2005-06-15
388,Donald Wallace,donald.wallace@example.com,1980-02-24
389,Sydney Smith,sydney.smith@example.com,1975-07-08
390,Justin Figueroa,justin.figueroa@example.com,1990-06-25
391,Erika Brown,erika.brown@example.com,2004-08-28
392,Lisa Salazar,lisa.salazar@example.com,2003-02-07
393,Mrs. Melissa Robinson,mrs.melissa.robinson@example.com,1960-04-30
394,Bethany Haynes,bethany.haynes@example.com,1975-02-04
395,Katherine Weaver MD,katherine.weaver.md@example.com,1999-04-24
396,Bailey Hughes,bailey.hughes@example.com,1967-07-01
397,Anthony Proctor,anthony.proctor@example.com,1994-12-27
398,Jessica Martinez,jessica.martinez@example.com,1964-01-10
399,Jason Foster,jason.foster@example.com,1997-04-05
400,Christopher Roy,christopher.roy@example.com,1960-09-25
401,Elizabeth Rowland,elizabeth.rowland@example.com,1979-01-19
402,Deborah Curry,deborah.curry@example.com,1961-03-08
403,Allison Sharp,allison.sharp@example.com,1974-07-19
404,Kimberly Turner,kimberly.turner@example.com,1971-09-19
405,Paul Chaney,paul.chaney@example.com,1994-11-16
406,Sarah Smith,sarah.smith@example.com,1986-08-11
407,Adam Espinoza,adam.espinoza@example.com,1960-05-04
408,Tyler Richard,tyler.richard@example.com,2006-08-12
409,Carol Ingram,carol.ingram@example.com,1978-09-17
410,Paula Blackburn,paula.blackburn@example.com,2002-04-13
411,Cynthia Johnson,cynthia.johnson@example.com,1969-04-21
412,Kenneth Johnson,kenneth.johnson@example.com,1994-12-14
413,Steven Bailey,steven.bailey@example.com,1966-03-05
414,Daniel Smith,daniel.smith@example.com,1965-12-08
415,Hunter Williams,hunter.williams@example.com,1965-12-25
416,Susan Trujillo,susan.trujillo@example.com,1961-03-20
417,William Wilson,william.wilson@example.com,2007-01-01
418,Courtney Morgan,courtney.morgan@example.com,1970-07-26
419,Mitchell Merritt,mitchell.merritt@example.com,2006-05-03
420,Jared Gordon,jared.gordon@example.com,1965-09-08
421,Kristina Neal,kristina.neal@example.com,1991-05-03
422,Cory Parsons,cory.parsons@example.com,1961-09-09
423,Christopher Horn,christopher.horn@example.com,1977-07-23
424,Christopher Simmons,christopher.simmons@example.com,1990-11-12
425,Joshua Reed,joshua.reed@example.com,1964-01-06
426,Kimberly Brewer,kimberly.brewer@example.com,1991-04-06
427,Ronald Kramer,ronald.kramer@example.com,1988-11-22
428,Ann Hobbs,ann.hobbs@example.com,1961-08-25
429,Richard Potter,richard.potter@example.com,1963-01-19
430,Terry Carr,terry.carr@example.com,1995-10-26
431,Tiffany Wilson,tiffany.wilson@example.com,1971-09-18
432,Jon Gonzalez,jon.gonzalez@example.com,1974-02-23
433,Mr. Jacob Moore,mr.jacob.moore@example.com,1970-02-27
434,Janet Larson,janet.larson@example.com,1964-04-10
435,Margaret Knight,margaret.knight@example.com,1970-05-12
436,Gloria Odom,gloria.odom@example.com,1967-10-16
437,Casey Foster,casey.foster@example.com,1968-02-20
438,Daryl Olson,daryl.olson@example.com,1977-08-10
439,James Raymond,james.raymond@example.com,2006-02-14
440,Denise Flores,denise.flores@example.com,1997-08-30
441,Katie Hardin,katie.hardin@example.com,1967-01-09
442,Brian Bullock,brian.bullock@example.com,1994-08-09
443,Stefanie Simmons,stefanie.simmons@example.com,1971-08-16
444,Randall Johnson,randall.johnson@example.com,1999-05-19
445,Brooke Harmon,brooke.harmon@example.com,1979-03-10
446,Debra Baxter,debra.baxter@example.com,1973-01-08
447,Corey Thornton,corey.thornton@example.com,1965-06-26
448,Michael Dalton,michael.dalton@example.com,1974-01-11
449,Evan Nelson,evan.nelson@example.com,1983-06-15
450,Brenda Perkins,brenda.perkins@example.com,1973-09-30
451,David Skinner,david.skinner@example.com,1998-01-09
452,Jessica Lowery,jessica.lowery@example.com,1988-09-04
453,Charles Owens,charles.owens@example.com,1979-12-24
454,Jacqueline Figueroa,jacqueline.figueroa@example.com,1959-08-31
455,Brittany Davis,brittany.davis@example.com,1972-01-31
456,Michelle King,michelle.king@example.com,1984-01-01
457,Erica Huynh,erica.huynh@example.com,1980-01-14
458,Leslie Fitzgerald,leslie.fitzgerald@example.com,1972-04-08
459,Elizabeth Daniels,elizabeth.daniels@example.com,1995-03-16
460,Jeffrey Walters PhD,jeffrey.walters.phd@example.com,1994-06-13
461,Daniel Young,daniel.young@example.com,1987-06-05
462,Kevin Grant,kevin.grant@example.com,1976-07-17
463,Hunter Williamson,hunter.williamson@example.com,1980-05-31
464,Gerald Moran,gerald.moran@example.com,1981-03-17
465,Toni Hill,toni.hill@example.com,1991-08-02
466,Felicia Gordon,felicia.gordon@example.com,1989-06-06
467,Nancy Moreno,nancy.moreno@example.com,2001-01-14
468,Kimberly Kaufman,kimberly.kaufman@example.com,1971-01-24
469,Jeffrey Leon,jeffrey.leon@example.com,1991-03-12
470,Richard Smith,richard.smith@example.com,1985-10-31
471,Jennifer Martinez,jennifer.martinez@example.com,1989-06-06
472,Carol Torres,carol.torres@example.com,1967-12-09
473,Richard Golden,richard.golden@example.com,1982-01-28
474,Angela Richards,angela.richards@example.com,1970-07-25
475,Christopher White,christopher.white@example.com,1978-11-08
476,Paul Ferguson,paul.ferguson@example.com,1996-08-05
477,Robert Peck,robert.peck@example.com,1975-06-27
478,Peter Zhang,peter.zhang@example.com,1967-12-13
479,Juan Lopez,juan.lopez@example.com,1977-11-03
480,Shirley Lucas,shirley.lucas@example.com,2005-06-30
481,Tracy Mcguire,tracy.mcguire@example.com,1977-03-25
482,Donald Roberts,donald.roberts@example.com,1975-05-21
483,Linda French,linda.french@example.com,2000-01-31
484,Mary Foster,mary.foster@example.com,1972-04-07
485,Jill Taylor,jill.taylor@example.com,1996-02-05
486,Dennis Guerra,dennis.guerra@example.com,1978-02-24
487,Ryan Mccarty,ryan.mccarty@example.com,1966-12-29
488,Cory Jones,cory.jones@example.com,1997-03-24
489,Maria Smith,maria.smith@example.com,2001-04-18
490,Benjamin Mclaughlin,benjamin.mclaughlin@example.com,1983-12-13
491,Daniel Wood,daniel.wood@example.com,1989-03-01
492,Manuel Taylor,manuel.taylor@example.com,1979-06-03
493,John Miller,john.miller@example.com,1973-10-31
494,Janet Smith,janet.smith@example.com,1972-03-22
495,Vincent Huynh,vincent.huynh@example.com,1996-12-30
496,John Johnson,john.johnson@example.com,1977-02-27
497,James Mclean,james.mclean@example.com,1971-05-22
498,Sandra Brown,sandra.brown@example.com,2000-03-05
499,Sheila Myers,sheila.myers@example.com,1992-12-04
500,Joseph Ayers,joseph.ayers@example.com,1967-01-26
501,Kenneth Perez,kenneth.perez@example.com,2001-07-29
502,Devon Davis,devon.davis@example.com,1996-09-28
503,Mary Mathews,mary.mathews@example.com,2004-12-22
504,Christine Dillon,christine.dillon@example.com,2003-10-08
505,Jason Smith,jason.smith@example.com,1978-04-30
506,Lisa Campbell,lisa.campbell@example.com,1993-12-20
507,Jeffrey Taylor,jeffrey.taylor@example.com,1991-06-09
508,Brett Bailey,brett.bailey@example.com,1975-08-26
509,Donna Sexton,donna.sexton@example.com,1986-05-12
510,Christopher Harrison,christopher.harrison@example.com,1992-12-18
511,Kelly Woods,kelly.woods@example.com,1993-01-04
512,Thomas Johnson,thomas.johnson@example.com,1978-12-30
513,Christine King,christine.king@example.com,1995-12-30
514,Marcus Williams,marcus.williams@example.com,2001-09-12
515,Jeffrey Jones,jeffrey.jones@example.com,1987-02-06
516,Gerald Hunt,gerald.hunt@example.com,2002-01-22
517,Zachary Huff,zachary.huff@example.com,1995-04-29
518,Luis Lopez V,luis.lopez.v@example.com,1966-10-27
519,Stephen Mitchell,stephen.mitchell@example.com,1969-02-23
520,Eric Ingram,eric.ingram@example.com,2003-02-21
521,Jon Robinson,jon.robinson@example.com,1995-08-31
522,Richard Flynn,richard.flynn@example.com,1978-01-22
523,Jasmine Scott,jasmine.scott@example.com,2003-10-07
524,Yolanda Martin,yolanda.martin@example.com,1966-08-29
525,Patricia Wood,patricia.wood@example.com,1964-05-19
526,Ryan Taylor,ryan.taylor@example.com,1982-03-20
527,Amanda Watts,amanda.watts@example.com,1966-12-11
528,Jose Gross,jose.gross@example.com,1981-05-23
529,Matthew Krause,matthew.krause@example.com,1990-05-18
530,Gerald Mason,gerald.mason@example.com,2004-04-04
531,Stephen Olson,stephen.olson@example.com,2005-01-25
532,Carrie Myers,carrie.myers@example.com,1995-03-08
533,Frank Lawrence,frank.lawrence@example.com,1985-09-06
534,Robert Perkins,robert.perkins@example.com,1970-03-16
535,Joseph Green,joseph.green@example.com,1972-06-15
536,Eric Mathis,eric.mathis@example.com,2004-07-21
537,Nancy Carter,nancy.carter@example.com,1973-03-08
538,Tyler Mills,tyler.mills@example.com,1985-10-02
539,Jim Foster,jim.foster@example.com,1983-06-08
540,Joshua Hayes,joshua.hayes@example.com,1980-01-10
541,Savannah Johns,savannah.johns@example.com,1991-07-11
542,Jason Mcdonald,jason.mcdonald@example.com,1960-09-05
543,Jasmine Hall,jasmine.hall@example.com,1997-02-03
544,Rhonda Oconnell,rhonda.oconnell@example.com,1978-04-21
545,Matthew Khan,matthew.khan@example.com,1985-04-08
546,Jake Holmes,jake.holmes@example.com,1973-08-20
547,Amanda Brown,amanda.brown@example.com,1982-01-01
548,Tim Jackson,tim.jackson@example.com,1990-02-03
549,Alexandra Holmes,alexandra.holmes@example.com,1988-12-27
550,Michael Santos,michael.santos@example.com,1995-07-10
551,Janice Roberts,janice.roberts@example.com,1995-11-08
552,Jason Khan,jason.khan@example.com,1997-03-20
553,Steven Perez,steven.perez@example.com,1963-02-16
554,Derek Coleman,derek.coleman@example.com,1964-01-16
555,Christine Sanders,christine.sanders@example.com,2000-09-22
556,Mary Johnson,mary.johnson@example.com,1991-10-08
557,Michael Clay,michael.clay@example.com,1983-06-06
558,Timothy White,timothy.white@example.com,1964-04-18
559,Jason Mathews,jason.mathews@example.com,2002-06-24
560,Maria Parsons,maria.parsons@example.com,1984-02-27
561,Patricia Hayes,patricia.hayes@example.com,1968-11-13
562,Jessica Robinson,jessica.robinson@example.com,1981-08-06
563,Megan Stokes,megan.stokes@example.com,1960-10-29
564,John Harris,john.harris@example.com,1960-07-14
565,Eric Li,eric.li@example.com,1998-02-17
566,Melissa Oneill,melissa.oneill@example.com,1982-03-05
567,Karen Ross,karen.ross@example.com,1977-08-23
568,Emily Gamble,emily.gamble@example.com,1982-01-21
569,Alex Lambert,alex.lambert@example.com,1967-05-25
570,Charles Poole,charles.poole@example.com,1999-04-09
571,Amy Wong,amy.wong@example.com,1959-08-15
572,Pamela Hubbard,pamela.hubbard@example.com,1964-01-02
573,Jennifer Cummings,jennifer.cummings@example.com,1985-03-02
574,James Lopez,james.lopez@example.com,1979-10-04
575,Benjamin Hines,benjamin.hines@example.com,1982-07-23
576,Tonya Kemp,tonya.kemp@example.com,1986-01-04
577,Corey Pacheco,corey.pacheco@example.com,1993-07-31
578,Pamela Hicks,pamela.hicks@example.com,1986-02-09
579,Megan Knight,megan.knight@example.com,1966-02-21
580,Caitlin Wilson,caitlin.wilson@example.com,1994-07-22
581,Michael Church,michael.church@example.com,1986-12-20
582,Patricia Hall,patricia.hall@example.com,1965-01-29
583,Omar Weeks,omar.weeks@example.com,2006-06-05
584,Samantha Parker,samantha.parker@example.com,2006-06-02
585,Jared Carter,jared.carter@example.com,1978-07-16
586,Mitchell Garza,mitchell.garza@example.com,1968-11-08
587,Mary Compton,mary.compton@example.com,1996-04-19
588,Ray Rosario,ray.rosario@example.com,1997-01-03
589,William Guzman,william.guzman@example.com,1980-08-22
590,Douglas Hampton,douglas.hampton@example.com,1968-04-02
591,Jennifer Johnson,jennifer.johnson@example.com,1990-04-06
592,Christopher Jensen,christopher.jensen@example.com,1999-08-31
593,Jessica Smith,jessica.smith@example.com,1995-05-12
594,Lawrence Martin,lawrence.martin@example.com,2007-01-06
595,Mrs. Susan Newton MD,mrs.susan.newton.md@example.com,1989-10-19
596,Robin Terry,robin.terry@example.com,1978-01-28
597,Melissa Short,melissa.short@example.com,1993-02-22
598,Nathaniel Rodriguez,nathaniel.rodriguez@example.com,1975-12-17
599,Scott Smith,scott.smith@example.com,1978-11-20
600,Tiffany Nelson,tiffany.nelson@example.com,2003-06-13
601,Brian Ware,brian.ware@example.com,1968-08-09
602,Sharon Blake,sharon.blake@example.com,1964-08-25
603,Ashley Santos,ashley.santos@example.com,1966-01-30
604,Raymond Mccall,raymond.mccall@example.com,2004-02-06
605,Stephanie Valdez,stephanie.valdez@example.com,2000-09-24
606,Aaron Ayers,aaron.ayers@example.com,1987-09-05
607,Ashley Brown,ashley.brown@example.com,2002-08-04
608,Brittney Mccoy,brittney.mccoy@example.com,1959-12-20
609,Shawn Harris,shawn.harris@example.com,1978-05-28
610,Kimberly Holmes,kimberly.holmes@example.com,1986-11-29
611,Tonya Jones,tonya.jones@example.com,1983-09-11
612,Chris Martin,chris.martin@example.com,1991-05-05
613,Krista Curtis,krista.curtis@example.com,2007-02-10
614,Sandra Kirby,sandra.kirby@example.com,1964-09-11
615,Travis Guerrero,travis.guerrero@example.com,1990-03-30
616,Charles Romero,charles.romero@example.com,1993-02-22
617,Gina Cunningham,gina.cunningham@example.com,1977-10-27
618,Julie Hill,julie.hill@example.com,1973-06-12
619,Joshua Henderson,joshua.henderson@example.com,1981-07-06
620,Ashley Greene,ashley.greene@example.com,1989-03-16
621,Shannon Jackson,shannon.jackson@example.com,1981-02-04
622,James Smith,james.smith@example.com,1991-09-10
623,Casey Smith,casey.smith@example.com,1979-03-09
624,Joy Reid,joy.reid@example.com,2002-02-05
625,Wendy Fisher,wendy.fisher@example.com,1970-03-09
626,Sonya Ramirez,sonya.ramirez@example.com,1975-03-14
627,Robert James,robert.james@example.com,1988-03-24
628,Maria Cook,maria.cook@example.com,1961-01-01
629,Samantha Washington,samantha.washington@example.com,2005-04-23
630,Christopher Fitzgerald,christopher.fitzgerald@example.com,1964-07-31
631,Matthew Barrett,matthew.barrett@example.com,1976-03-21
632,Matthew Brooks,matthew.brooks@example.com,1996-07-18
633,Albert Davis,albert.davis@example.com,1960-09-29
634,Tina Ellis,tina.ellis@example.com,1978-09-09
635,Clayton Blankenship,clayton.blankenship@example.com,1993-11-28
636,Jennifer Velasquez,jennifer.velasquez@example.com,1986-09-03
637,Danielle Bennett,danielle.bennett@example.com,1972-06-26
638,April Hull,april.hull@example.com,1987-07-05
639,James Anderson,james.anderson@example.com,1995-12-22
640,Melissa Williams,melissa.williams@example.com,1963-04-30
641,Michael Coleman,michael.coleman@example.com,1970-04-17
642,Angela Patel,angela.patel@example.com,1972-06-27
643,Jacob David,jacob.david@example.com,1972-06-22
644,Tricia Russo,tricia.russo@example.com,1982-04-14
645,Denise Wiley,denise.wiley@example.com,1991-05-22
646,Bridget Bell,bridget.bell@example.com,1999-06-03
647,Jodi Jimenez,jodi.jimenez@example.com,1990-12-13
648,Destiny Joseph,destiny.joseph@example.com,1969-04-09
649,Zachary Yu,zachary.yu@example.com,1992-05-02
650,Andrew Powell,andrew.powell@example.com,1985-01-11
651,Reginald Cordova,reginald.cordova@example.com,1964-03-30
652,Kevin Anderson,kevin.anderson@example.com,1961-08-12
653,Latasha Washington,latasha.washington@example.com,1986-06-19
654,Stacy Stein,stacy.stein@example.com,1997-09-08
655,Anthony Scott,anthony.scott@example.com,1972-02-28
656,Jasmine Martin,jasmine.martin@example.com,1994-05-21
657,Manuel Smith,manuel.smith@example.com,2005-04-07
658,Benjamin Chavez,benjamin.chavez@example.com,2000-12-10
659,Lauren Thompson,lauren.thompson@example.com,1983-02-13
660,Jamie Galloway,jamie.galloway@example.com,1969-10-25
661,Theresa Sandoval,theresa.sandoval@example.com,1962-12-21
662,Thomas Morrison,thomas.morrison@example.com,1971-06-23
663,Kimberly Lewis,kimberly.lewis@example.com,1985-07-22
664,Morgan Grimes,morgan.grimes@example.com,1964-05-27
665,Jose Mckinney,jose.mckinney@example.com,1959-12-04
666,Cody Hendricks,cody.hendricks@example.com,1973-01-02
667,Eric Wright,eric.wright@example.com,1990-11-02
668,Amber Meza,amber.meza@example.com,1987-10-05
669,Stephanie Li,stephanie.li@example.com,1990-12-29
670,Curtis Rice,curtis.rice@example.com,1996-06-18
671,Phillip Miller,phillip.miller@example.com,1961-09-15
672,Jennifer Johnson DVM,jennifer.johnson.dvm@example.com,1974-05-19
673,Anthony Werner,anthony.werner@example.com,2002-07-29
674,Tara Thomas,tara.thomas@example.com,1967-03-07
675,Nicole Jones,nicole.jones@example.com,2003-03-12
676,Natalie Stanley,natalie.stanley@example.com,1966-08-25
677,Shelby Simon,shelby.simon@example.com,1986-05-23
678,Claudia Wilson,claudia.wilson@example.com,2001-09-29
679,Robert Simpson,robert.simpson@example.com,2000-05-18
680,Mark Stephens,mark.stephens@example.com,2003-11-12
681,Kevin Fernandez,kevin.fernandez@example.com,1978-10-29
682,Sandra Reyes,sandra.reyes@example.com,1985-07-20
683,Richard Case,richard.case@example.com,1961-01-03
684,Terry Rivera,terry.rivera@example.com,2005-09-26
685,Mariah Brown,mariah.brown@example.com,2001-06-25
686,George Hall,george.hall@example.com,1988-05-01
687,Kari Simmons,kari.simmons@example.com,1971-04-03
688,Rebecca Dean,rebecca.dean@example.com,1966-05-10
689,Taylor Morales,taylor.morales@example.com,2005-04-03
690,Laura Davila,laura.davila@example.com,1996-05-15
691,Tammy Werner,tammy.werner@example.com,1971-10-20
692,William Wood,william.wood@example.com,2002-05-26
693,Sherry Miller,sherry.miller@example.com,2004-04-13
694,Danielle Mcconnell,danielle.mcconnell@example.com,1973-12-09
695,Jason Garcia,jason.garcia@example.com,1971-12-17
696,Laura Spence,laura.spence@example.com,1966-11-28
697,Phillip Herman,phillip.herman@example.com,1962-04-20
698,Patricia Atkinson,patricia.atkinson@example.com,1974-10-01
699,David Ayers,david.ayers@example.com,1963-01-04
700,Bryan Martin II,bryan.martin.ii@example.com,1962-05-16
701,Cory Guerrero,cory.guerrero@example.com,1982-05-16
702,Jared Smith,jared.smith@example.com,2006-09-03
703,Jon Day Jr.,jon.day.jr@example.com,1964-01-16
704,Hannah Perez MD,hannah.perez.md@example.com,1999-08-14
705,Mary Church,mary.church@example.com,2003-12-23
706,Gavin Howell,gavin.howell@example.com,1964-03-17
707,Linda Jones,linda.jones@example.com,2003-08-16
708,John Clark,john.clark@example.com,1977-10-07
709,Edward White,edward.white@example.com,1963-04-04
710,Zachary Hill,zachary.hill@example.com,1997-03-18
711,Joshua Smith,joshua.smith@example.com,1964-03-03
712,Jeffrey Wallace,jeffrey.wallace@example.com,1993-02-11
713,Jennifer Anderson,jennifer.anderson@example.com,1963-07-28
714,William Leblanc,william.leblanc@example.com,1983-03-18
715,Melissa Ruiz,melissa.ruiz@example.com,1969-03-07
716,Richard Franklin,richard.franklin@example.com,1965-11-30
717,Lori Madden,lori.madden@example.com,1993-04-14
718,Sarah Proctor,sarah.proctor@example.com,1987-05-29
719,Michael Woodward,michael.woodward@example.com,1974-04-12
720,Joshua Reed,joshua.reed@example.com,2000-02-10
721,James Bonilla,james.bonilla@example.com,1960-03-15
722,Robert Grant,robert.grant@example.com,1965-12-03
723,Aaron Reed,aaron.reed@example.com,2002-12-03
724,Monica Morton,monica.morton@example.com,1991-07-16
725,Russell Green,russell.green@example.com,1959-08-19
726,Lisa Caldwell,lisa.caldwell@example.com,2006-01-06
727,Melvin Weeks,melvin.weeks@example.com,1984-06-02
728,John Kennedy,john.kennedy@example.com,1997-12-20
729,Adam Sanchez,adam.sanchez@example.com,1963-08-30
730,Alexandria Collins,alexandria.collins@example.com,1963-11-04
731,Autumn Hill,autumn.hill@example.com,1965-10-14
732,Philip Munoz,philip.munoz@example.com,1985-01-14
733,Kimberly Thompson,kimberly.thompson@example.com,2000-04-11
734,Allison Clark,allison.clark@example.com,1973-10-12
735,Randy Wang,randy.wang@example.com,1965-12-26
736,Amanda Palmer,amanda.palmer@example.com,1982-09-07
737,Kimberly Ross,kimberly.ross@example.com,1992-11-21
738,Lori Steele,lori.steele@example.com,1996-07-05
739,Jeremy Fernandez,jeremy.fernandez@example.com,1988-08-02
740,Frank Franklin,frank.franklin@example.com,2005-12-21
741,Wesley Reyes,wesley.reyes@example.com,1982-04-17
742,Michelle Clark,michelle.clark@example.com,1983-11-28
743,David Le,david.le@example.com,1982-12-26
744,Anthony Lee,anthony.lee@example.com,1973-07-25
745,Mrs. Sarah Gordon,mrs.sarah.gordon@example.com,1980-01-02
746,Amy Mack,amy.mack@example.com,1988-06-22
747,Andrew Cortez,andrew.cortez@example.com,1970-11-21
748,Karen Novak,karen.novak@example.com,1997-04-12
749,Amanda Shelton,amanda.shelton@example.com,1963-04-02
750,Michael Davis,michael.davis@example.com,2003-06-27
751,Samantha Soto,samantha.soto@example.com,1983-05-24
752,Sharon Miller,sharon.miller@example.com,1988-12-05
753,Scott Thomas,scott.thomas@example.com,1964-10-05
754,Brett Rogers,brett.rogers@example.com,2006-09-30
755,George Williams,george.williams@example.com,1965-04-14
756,James Lopez,james.lopez@example.com,1987-02-24
757,Kirk Powell,kirk.powell@example.com,1973-03-01
758,Jesse Sutton,jesse.sutton@example.com,1971-05-27
759,Bridget Edwards DDS,bridget.edwards.dds@example.com,1966-09-16
760,Adam Woods,adam.woods@example.com,1976-02-23
761,Michael Phillips,michael.phillips@example.com,2001-07-09
762,Tina Brown,tina.brown@example.com,1963-01-29
763,Stephanie Barton,stephanie.barton@example.com,1970-10-28
764,Stephanie Miller,stephanie.miller@example.com,2003-08-03
765,Donna Reese,donna.reese@example.com,1969-11-17
766,Laura Daniel,laura.daniel@example.com,1961-11-22
767,Jennifer Sparks,jennifer.sparks@example.com,1988-01-27
768,Yolanda Anderson,yolanda.anderson@example.com,1980-03-23
769,David Warner,david.warner@example.com,1991-03-13
770,Tammy Cox,tammy.cox@example.com,1978-01-27
771,Brenda Cruz,brenda.cruz@example.com,1978-12-09
772,Elizabeth Anderson,elizabeth.anderson@example.com,1971-08-01
773,Mr. Jerry Robinson,mr.jerry.robinson@example.com,1975-12-15
774,James Rivera,james.rivera@example.com,1967-06-14
775,Jennifer Williams,jennifer.williams@example.com,1974-12-08
776,Jeffrey Smith,jeffrey.smith@example.com,1995-10-17
777,Nicholas Eaton,nicholas.eaton@example.com,1983-04-10
778,Mark Adams,mark.adams@example.com,1974-05-25
779,Joshua Martinez,joshua.martinez@example.com,1963-01-10
780,Laurie Vargas,laurie.vargas@example.com,1966-02-03
781,Amy Yang DDS,amy.yang.dds@example.com,1976-11-11
782,Chad Franklin,chad.franklin@example.com,1982-10-12
783,Michael Saunders,michael.saunders@example.com,1998-03-30
784,Jacob Mcdonald,jacob.mcdonald@example.com,2004-04-08
785,Crystal Rodriguez,crystal.rodriguez@example.com,1981-10-26
786,Chelsea Long,chelsea.long@example.com,1985-06-24
787,Mitchell Jordan,mitchell.jordan@example.com,1993-04-03
788,Walter Bailey,walter.bailey@example.com,1972-09-01
789,Katherine Phillips,katherine.phillips@example.com,1984-08-28
790,Robert Jarvis,robert.jarvis@example.com,2003-02-04
791,Breanna Flores,breanna.flores@example.com,1979-11-14
792,Tonya Campbell,tonya.campbell@example.com,1988-06-10
793,Gary Palmer,gary.palmer@example.com,1983-09-30
794,Alan Hoffman,alan.hoffman@example.com,2006-07-23
795,Linda Bailey,linda.bailey@example.com,1988-02-15
796,Daniel Mercado,daniel.mercado@example.com,2006-07-09
797,Pamela Sanders,pamela.sanders@example.com,1960-11-22
798,Sean Harper,sean.harper@example.com,1964-07-05
799,Brittany Snyder,brittany.snyder@example.com,2006-12-18
800,Ethan Russell Jr.,ethan.russell.jr@example.com,1993-01-22
801,Jennifer Cochran,jennifer.cochran@example.com,1975-10-12
802,Emily Henderson,emily.henderson@example.com,1981-02-03
803,Edward Shields,edward.shields@example.com,2004-07-01
804,Javier Dorsey,javier.dorsey@example.com,2003-06-11
805,Craig Marsh,craig.marsh@example.com,1969-06-02
806,Jonathan Johnson,jonathan.johnson@example.com,1976-11-24
807,Cristian Smith,cristian.smith@example.com,1983-08-29
808,Michael Walters,michael.walters@example.com,2001-12-23
809,Jonathan Davis,jonathan.davis@example.com,2000-04-22
810,Gregory Alexander,gregory.alexander@example.com,1968-04-07
811,Carl Scott,carl.scott@example.com,1990-01-21
812,David Nguyen,david.nguyen@example.com,1963-07-29
813,Derek Mckinney,derek.mckinney@example.com,1966-12-01
814,Monique Diaz,monique.diaz@example.com,1978-10-29
815,Robert Benson,robert.benson@example.com,1995-12-04
816,Mrs. Amy Sharp,mrs.amy.sharp@example.com,1976-10-13
817,Timothy Miller,timothy.miller@example.com,1977-01-14
818,Kelly Johnston,kelly.johnston@example.com,1971-11-09
819,Vincent Zuniga,vincent.zuniga@example.com,2001-05-17
820,Jennifer Lewis,jennifer.lewis@example.com,1982-04-17
821,Stephen Spencer,stephen.spencer@example.com,1991-04-07
822,Frank Lawson,frank.lawson@example.com,1963-05-30
823,Michael Stevens,michael.stevens@example.com,2000-08-28
824,Adriana Parks,adriana.parks@example.com,1990-10-24
825,Cody Sanchez,cody.sanchez@example.com,1972-08-06
826,Karen Wells,karen.wells@example.com,1999-09-09
827,Kimberly Sanchez,kimberly.sanchez@example.com,1959-09-02
828,Martin Elliott,martin.elliott@example.com,1998-09-16
829,Larry Reynolds,larry.reynolds@example.com,1983-11-14
830,Colton Roth,colton.roth@example.com,2005-04-19
831,Lindsey Mendoza,lindsey.mendoza@example.com,1979-08-19
832,Brandi Cunningham,brandi.cunningham@example.com,1968-01-25
833,Donna Williams,donna.williams@example.com,1961-05-15
834,Tammy Morris,tammy.morris@example.com,1993-01-17
835,Robin Donovan,robin.donovan@example.com,1980-10-15
836,Julia Williamson,julia.williamson@example.com,1998-03-18
837,Chelsea Martin,chelsea.martin@example.com,2001-07-08
838,David Fitzpatrick,david.fitzpatrick@example.com,1959-08-04
839,Nathan Dillon,nathan.dillon@example.com,1990-01-21
840,Amber Allen,amber.allen@example.com,1998-06-08
841,Kenneth King,kenneth.king@example.com,1979-01-24
842,Ana Jensen MD,ana.jensen.md@example.com,1988-03-14
843,Kelli Carter,kelli.carter@example.com,1991-09-12
844,Edward Keller,edward.keller@example.com,2006-11-11
845,Kelly Preston,kelly.preston@example.com,1998-01-10
846,Michael Rivera,michael.rivera@example.com,1964-03-28
847,Bradley Cameron,bradley.cameron@example.com,1965-12-06
848,Beth Price,beth.price@example.com,1966-03-07
849,Jessica Graham,jessica.graham@example.com,1982-01-25
850,Lisa Harris,lisa.harris@example.com,1967-07-07
851,Becky Smith,becky.smith@example.com,1983-07-01
852,Rachel Rollins,rachel.rollins@example.com,1964-10-07
853,Christopher Ayala,christopher.ayala@example.com,1976-04-12
854,Mario Maxwell,mario.maxwell@example.com,1997-06-23
855,Katherine Mcdonald,katherine.mcdonald@example.com,1967-03-03
856,Todd Perry,todd.perry@example.com,1970-06-08
857,Melissa Johnson,melissa.johnson@example.com,1985-12-06
858,Timothy Blair,timothy.blair@example.com,1968-02-10
859,Robert Smith,robert.smith@example.com,1986-02-11
860,Amy Gray,amy.gray@example.com,1973-01-19
861,Lucas Jackson,lucas.jackson@example.com,1985-02-26
862,Elizabeth Mccoy,elizabeth.mccoy@example.com,1982-01-13
863,Roger Bowman,roger.bowman@example.com,2001-01-03
864,Elizabeth Brown,elizabeth.brown@example.com,1984-09-02
865,Debra Leonard,debra.leonard@example.com,1976-08-08
866,Kara Blake,kara.blake@example.com,1988-07-06
867,Jessica Fisher,jessica.fisher@example.com,1988-01-04
868,Timothy Wilkinson,timothy.wilkinson@example.com,1960-12-16
869,Christopher Cameron,christopher.cameron@example.com,1972-07-10
870,Jared Ballard,jared.ballard@example.com,1961-04-18
871,Heather Bradford,heather.bradford@example.com,1995-06-27
872,Jennifer Moses,jennifer.moses@example.com,1972-04-15
873,Jason Jones,jason.jones@example.com,1988-06-24
874,Debra Larson,debra.larson@example.com,1964-12-25
875,Christine Mills,christine.mills@example.com,1977-04-30
876,Kevin Carrillo,kevin.carrillo@example.com,1996-12-12
877,Nicole Roberson,nicole.roberson@example.com,1993-03-29
878,Sarah George,sarah.george@example.com,2004-05-09
879,Kyle Mccarthy,kyle.mccarthy@example.com,1976-01-31
880,Kevin Oliver,kevin.oliver@example.com,1960-11-06
881,Erik Delacruz,erik.delacruz@example.com,2000-05-14
882,Rebecca Clark,rebecca.clark@example.com,1996-08-04
883,Patricia Kim,patricia.kim@example.com,1968-09-30
884,Carlos Walker,carlos.walker@example.com,2005-11-06
885,Stephanie Garcia,stephanie.garcia@example.com,2004-09-20
886,Nathan Willis,nathan.willis@example.com,2003-12-14
887,Kimberly Curtis,kimberly.curtis@example.com,1967-05-02
888,Susan Rivera,susan.rivera@example.com,1990-04-18
889,Timothy Perez,timothy.perez@example.com,1987-11-04
890,Michael White,michael.white@example.com,2003-10-03
891,Patrick Huerta,patrick.huerta@example.com,1959-10-17
892,Brenda Lee,brenda.lee@example.com,2004-01-15
893,Kiara Sexton,kiara.sexton@example.com,1973-04-23
894,Elizabeth Serrano,elizabeth.serrano@example.com,1990-02-14
895,Candice Sanders,candice.sanders@example.com,2004-05-09
896,Jonathan Vasquez,jonathan.vasquez@example.com,1976-09-03
897,Patricia Fox,patricia.fox@example.com,1982-11-30
898,Betty Cole,betty.cole@example.com,2006-06-28
899,Mariah Brown,mariah.brown@example.com,1988-03-02
900,Valerie Roberts,valerie.roberts@example.com,1981-09-18
901,Anthony Terry,anthony.terry@example.com,1970-12-16
902,Mrs. Miranda Johnston,mrs.miranda.johnston@example.com,1965-07-20
903,Eric Adkins,eric.adkins@example.com,1985-05-14
904,Kimberly Kane,kimberly.kane@example.com,2000-04-18
905,Alexander Shelton,alexander.shelton@example.com,1960-07-25
906,Melissa Hanson,melissa.hanson@example.com,1973-10-30
907,Rebecca Lee,rebecca.lee@example.com,1989-04-13
908,Dana Smith,dana.smith@example.com,2003-02-08
909,Tamara Moore,tamara.moore@example.com,1993-08-12
910,Bryan Franco,bryan.franco@example.com,1975-03-28
911,Spencer Butler,spencer.butler@example.com,1973-11-20
912,Casey Garcia,casey.garcia@example.com,1988-11-10
913,Steven Oconnor,steven.oconnor@example.com,2001-04-05
914,Jennifer Ramirez,jennifer.ramirez@example.com,1965-06-26
915,Dr. Travis Morris DDS,dr.travis.morris.dds@example.com,1996-01-03
916,Johnny Garcia,johnny.garcia@example.com,1995-12-13
917,Dawn Jordan,dawn.jordan@example.com,1964-01-06
918,Anthony Mills,anthony.mills@example.com,1990-11-26
919,Richard Perry,richard.perry@example.com,1973-03-30
920,Brandi Vega,brandi.vega@example.com,1986-02-05
921,Jason Gomez,jason.gomez@example.com,1997-10-26
922,Christian Snow,christian.snow@example.com,1973-03-29
923,Debbie Carrillo,debbie.carrillo@example.com,2001-11-05
924,Kaitlyn Phillips,kaitlyn.phillips@example.com,1965-08-11
925,Ryan Harris,ryan.harris@example.com,1961-03-04
926,Susan Bolton,susan.bolton@example.com,1963-07-04
927,Reginald Copeland,reginald.copeland@example.com,1983-11-26
928,Sharon Cross,sharon.cross@example.com,1986-02-01
929,Tyler Russell,tyler.russell@example.com,1988-09-18
930,Marcus Patrick,marcus.patrick@example.com,1960-07-04
931,Thomas Hunt,thomas.hunt@example.com,1970-01-30
932,Christopher Salinas,christopher.salinas@example.com,1975-12-15
933,Anthony Carr,anthony.carr@example.com,2006-07-12
934,Amanda Franklin,amanda.franklin@example.com,1986-04-08
935,Nicole Lewis,nicole.lewis@example.com,1993-07-10
936,Alexandria Carrillo,alexandria.carrillo@example.com,1960-08-15
937,Samantha Alvarez,samantha.alvarez@example.com,2007-03-16
938,Dr. Roberto Johnston,dr.roberto.johnston@example.com,1981-09-23
939,Dr. George Hernandez,dr.george.hernandez@example.com,1987-07-07
940,Daniel Price,daniel.price@example.com,1964-12-18
941,Adam Stewart,adam.stewart@example.com,1966-06-06
942,Daniel Molina,daniel.molina@example.com,1970-01-28
943,Michael Evans,michael.evans@example.com,1991-02-19
944,Victoria Berry,victoria.berry@example.com,1994-03-30
945,Mr. Daniel King Jr.,mr.daniel.king.jr@example.com,1993-12-03
946,Ronald Juarez,ronald.juarez@example.com,1971-06-15
947,Matthew Reynolds,matthew.reynolds@example.com,2003-06-23
948,Luis Nelson,luis.nelson@example.com,1970-12-03
949,Rhonda Williams,rhonda.williams@example.com,1994-01-03
950,Brandon Pruitt,brandon.pruitt@example.com,1988-01-17
951,Pamela Cook,pamela.cook@example.com,1960-01-31
952,Ryan Smith,ryan.smith@example.com,1998-07-06
953,Erik Williams,erik.williams@example.com,1985-12-12
954,Patrick Ortega,patrick.ortega@example.com,2005-05-26
955,Joseph Stevens,joseph.stevens@example.com,2003-05-06
956,Tina Wilson,tina.wilson@example.com,1997-01-25
957,Jose Coleman,jose.coleman@example.com,1987-11-10
958,Terry Mills,terry.mills@example.com,1974-02-11
959,Aaron Boyd,aaron.boyd@example.com,1996-04-18
960,Sara Flores,sara.flores@example.com,1985-07-28
961,Shelly Horton,shelly.horton@example.com,1972-10-12
962,Destiny Duncan,destiny.duncan@example.com,1987-01-25
963,Matthew Robinson,matthew.robinson@example.com,1994-10-12
964,Jessica Doyle,jessica.doyle@example.com,1999-06-18
965,Joshua Moran,joshua.moran@example.com,1988-05-10
966,Carol Fisher,carol.fisher@example.com,1980-01-23
967,Dr. Daniel Sweeney,dr.daniel.sweeney@example.com,1990-01-11
968,Michael Cruz,michael.cruz@example.com,1992-07-08
969,Kevin Sandoval,kevin.sandoval@example.com,1976-09-02
970,Melanie Watson,melanie.watson@example.com,1966-10-12
971,Ms. Stephanie Duran,ms.stephanie.duran@example.com,1988-08-05
972,Jonathan Phillips,jonathan.phillips@example.com,1985-07-01
973,James Cox,james.cox@example.com,1960-02-18
974,Erik Dean,erik.dean@example.com,1962-08-16
975,Allison Fisher,allison.fisher@example.com,1961-10-01
976,Casey Hardy,casey.hardy@example.com,1975-05-04
977,John Cole,john.cole@example.com,1981-06-28
978,Lauren Hooper,lauren.hooper@example.com,1970-08-20
979,Crystal Shelton,crystal.shelton@example.com,1995-09-20
980,Amanda Hess,amanda.hess@example.com,1977-03-30
981,Jessica Holloway,jessica.holloway@example.com,2002-04-27
982,Michelle Burton,michelle.burton@example.com,1963-05-30
983,Michael Arnold,michael.arnold@example.com,1974-09-15
984,Victoria Carpenter,victoria.carpenter@example.com,1980-09-29
985,Andrea Moody,andrea.moody@example.com,1963-11-25
986,Erik Harris,erik.harris@example.com,1970-02-10
987,Virginia Johns,virginia.johns@example.com,1991-04-17
988,Lori Williams,lori.williams@example.com,1962-09-28
989,Daniel Palmer,daniel.palmer@example.com,1987-08-21
990,Austin Snyder,austin.snyder@example.com,1985-11-29
991,Kevin Wood,kevin.wood@example.com,1966-02-22
992,Dr. Lori Jackson,dr.lori.jackson@example.com,1969-12-25
993,Christine Baker,christine.baker@example.com,1960-05-29
994,Jennifer Warren,jennifer.warren@example.com,1972-11-18
995,Tina Jennings,tina.jennings@example.com,1982-05-31
996,Chris Wheeler,chris.wheeler@example.com,1978-07-20
997,Catherine Walls,catherine.walls@example.com,1988-11-19
998,Lindsey Chen,lindsey.chen@example.com,1990-02-25
999,Brandon Johns,brandon.johns@example.com,2000-03-03
1000,Brittney Bradley,brittney.bradley@example.com,1973-08-15
